<?xml version="1.0" encoding="utf-8"?><config>
	<image_id>imagegallery</image_id>
	<image_title>czoxMjoiSW1hZ2VnYWxsZXJ5Ijs=</image_title>
	<image_stamp>czoyNToiUGljdHVyZXMgdGhhdCB0ZWxsIHN0b3J5cyI7</image_stamp>
	<image_details>0</image_details>
	<image_comments>1</image_comments>
	<access>Public</access>
	<max_image>3</max_image>
	<needle_image>czoxMzoiTGFzdCB1cGxvYWRlZCI7</needle_image>
	<show_lastimg>1</show_lastimg>
	<show_lastimg_title>1</show_lastimg_title>
	<align_image>center</align_image>
	<size_image>80</size_image>

</config>
