<?xml version="1.0" encoding="utf-8"?><config>
	<link_use_side>0</link_use_side>
	<link_use_side_desc>1</link_use_side_desc>
	<link_use_side_title>1</link_use_side_title>
	<link_side_title>czo4OiJCbG9ncm9sbCI7</link_side_title>
	<link_main_title>czo3OiJteUxpbmtzIjs=</link_main_title>
	<link_main_subtitle>czoyOToiQSBsaXN0IG9mIGFsbCB3ZWJzaXRlcyBpIGxpa2UiOw==</link_main_subtitle>
	<link_main_text>czowOiIiOw==</link_main_text>
	<link_use_main_desc>1</link_use_main_desc>
	<link_main_access>Public</link_main_access>

</config>
