<?xml version="1.0" encoding="ISO-8859-1"?><poll>
	<title>czozNjoiVGhpcyB0b2VuZGFDTVMgaW5zdGFsbGF0aW9uIHdhcyAuLi4uIjs=</title>
	<question1>czoxNzoiQWJzb2x1dGVseSBzaW1wbGUiOw==</question1>
	<question2>czoxNToiUmVhc29uYWJseSBlYXN5Ijs=</question2>
	<question3>czo0MDoiTm90IHN0cmFpZ2h0LWZvcndhcmQgYnV0IEkgd29ya2VkIGl0IG91dCI7</question3>
	<question4>czozNToiSSBoYWQgdG8gaW5zdGFsbCBleHRyYSBzZXJ2ZXIgc3R1ZmYiOw==</question4>
	<question5>czo0MDoiSSBoYWQgbm8gaWRlYSBhbmQgZ290IG15IGZyaWVuZCB0byBkbyBpdCI7</question5>
	<question6>czozNToiTXkgZG9nIHJhbiBhd2F5IHdpdGggdGhlIFJFQURNRSAuLi4iOw==</question6>
	<question7>__END_POLL_QUESTION__</question7>

</poll>
