<?xml version="1.0" encoding="utf-8"?><contact>
	<default_con>1</default_con>
	<published>1</published>
	<name>czoxNDoiTWF4IE11c3Rlcm1hbm4iOw==</name>
	<position>czozOiJDRU8iOw==</position>
	<email>czoxNjoibWF4QG11c3Rlcm1hbi5kZSI7</email>
	<street>czoxNjoiTXVzdGVyc3RyYXNzZSAyMyI7</street>
	<country>czoxMDoiTXVzdGVybGFuZCI7</country>
	<state>czoxMToiTXVzdGVyc3RhYXQiOw==</state>
	<town>czoxMToiTXVzdGVyc3RhZHQiOw==</town>
	<postal>czo1OiIxMjM0NSI7</postal>
	<phone>czoxMDoiMDQyMTk4NzY1NCI7</phone>
	<fax>czoxMDoiMDQyMTMzMzQ0NCI7</fax>

</contact>
