<?xml version="1.0" encoding="utf-8"?><faq>
	<category></category>
	<parent></parent>
	<title>czoxMjoiQmFzZWNhdGVnb3J5Ijs=</title>
	<subtitle>czoyNToiVGhlIGFic29sdXRseSBncm91bmRiYXNlLiI7</subtitle>
	<content>czo2OToiVGhlIEJhc2VjYXRlZ29yeSBvZiB0aGUgRkFRIGFuZCBhcnRpY2xlIG1hbmFnZXIgZm9yIHRoZSBYTUwgZGF0YWJhc2UuIjs=</content>
	<image></image>
	<type>c</type>
	<date>06.02.2006-00:45</date>
	<last_update>09.02.2006-22:49</last_update>
	<access>Public</access>
	<autor>297e5c57f8297e5c57f878297e5c57f8</autor>
	<sort>0</sort>
	<publish_state>2</publish_state>

</faq>
