<?xml version="1.0" encoding="utf-8"?><faq>
	<category></category>
	<parent></parent>
	<title>czoxMzoiVGVzdCBGQVEgaXRlbSI7</title>
	<subtitle>czo0MzoiQSB0ZXN0aXRlbSBmb3IgdGhlIEZBUSBhbmQgYXJ0aWNsZSBtYW5hZ2VyLiI7</subtitle>
	<content>czozNDoiU29tZSB0ZXh0IGZvciB0ZXN0aW5nIHRoZSBmZWF0dXJlLiI7</content>
	<image></image>
	<type>a</type>
	<date>06.02.2006-00:45</date>
	<last_update>09.02.2006-22:50</last_update>
	<access>Public</access>
	<autor>297e5c57f8297e5c57f878297e5c57f8</autor>
	<sort>2</sort>
	<publish_state>2</publish_state>

</faq>
