<?xml version="1.0" encoding="utf-8"?><config>
	<products_id>products</products_id>
	<products_title>czo4OiJQcm9kdWN0cyI7</products_title>
	<products_stamp>czoyOToiR2V0IGluZm8gZm9yIHVzZWZ1bGwgcHJvZHVjdHMiOw==</products_stamp>
	<products_text>czo3MjoiSGVyZSB5b3UgY2FuIGZpbmQgc29tZSBpbmZvIGFib3V0IHVzZWZ1bGwgc29mdHdhcmUsIGRvY3VtZW50cyBhbmQgaW1hZ2VzIjs=</products_text>
	<category_state>documents</category_state>
	<category_title>czoxMDoiQ2F0ZWdvcmllcyI7</category_title>
	<use_category_title>1</use_category_title>

</config>
